{
    "warps": [
        {
            "adaptive": true,
            "blend": {
                "edges": "0, 0, 0, 0",
                "exponent": 2.0,
                "gamma": "1, 1, 1",
                "luminance": "0.5, 0.5, 0.5"
            },
            "brightness": 1.0,
            "corners": [
                "0.0863257, 0.228932",
                "0.779229, 0.168485",
                "0.942896, 0.917911",
                "0.178956, 0.801291"
            ],
            "linear": false,
            "resolution": 16,
            "type": 3,
            "warp": {
                "columns": 2,
                "control points": [
                    "0, 0",
                    "0, 1",
                    "1, 0",
                    "1, 1"
                ],
                "rows": 2
            }
        }
    ]
}